epoch,train_loss,lr,mAP50_95,AP50,AP75,APS,APM,APL
0,55.341728466777944,7.562839076498999e-05,0.42464451813539544,0.4603889405433763,0.4183876007425383,0.02681880339601147,0.1327302937467585,0.44565387243069565
1,25.15175993141842,0.0001399999999999905,0.5261960952893782,0.6270038951611836,0.5007501018194516,0.09215048776862801,0.1991903043442892,0.5584161114136703
2,20.5299711672706,0.0001399999999999905,0.5829832555903783,0.6999696964309248,0.5629370944260036,0.1439850414302396,0.2785706805843055,0.6187586557000315
3,18.35777864876819,0.0001399999999999905,0.6232694638514366,0.7701949596779533,0.5988147268620754,0.17291781785517113,0.36156813983365493,0.6542892343226441
4,28.785497712070246,0.0001399999999999905,0.6427494573099188,0.774200269277001,0.6309994555021239,0.13231658861095338,0.34754797896013573,0.6716341601944743
5,23.572535157943083,0.0001399999999999905,0.6545514188595767,0.7925186260215404,0.6426823369622532,0.14062658076821796,0.36625107342341245,0.6825634716388067
6,21.904167608422792,0.0001399999999999905,0.665481440140484,0.8088624413724553,0.6564809750908818,0.14608295917952127,0.37813066920144517,0.6945574307492274
7,20.964031489120526,0.0001399999999999905,0.6767566030754106,0.8205019984040005,0.6736574765262041,0.15771849730990695,0.3960059876289351,0.7063228923679508
8,19.888380954382257,0.0001399999999999905,0.6843396345573457,0.8333144836184226,0.6808268120223984,0.1610062125846405,0.41212826320201024,0.7148786759003348
9,19.435013101480486,0.0001399999999999905,0.6956893266942819,0.8448013006717626,0.694371368512394,0.17517933126262106,0.4246372151113458,0.7268945138626508
10,18.499453815897937,0.0001399999999999905,0.7008904774651753,0.8421163626571213,0.7019091097120996,0.18102945809981752,0.43815966704736353,0.735362646222907
11,18.4003431468401,0.0001399999999999905,0.704750964440975,0.848060975985401,0.7035581093082257,0.18025733142417388,0.447167505594191,0.7398699149054804
12,17.793286101231487,0.0001399999999999905,0.7132779424570811,0.863605225380821,0.7073084871060106,0.18800871172171144,0.46224873251170057,0.7507598811785959
13,17.4411746949512,0.0001399999999999905,0.7192612791477684,0.8655398719385625,0.712259119543029,0.20575902494076675,0.4693781473859451,0.7566455444116468
14,17.10608753379175,0.0001399999999999905,0.7250226149575955,0.8763729256612858,0.7202335463490833,0.20762782973818306,0.47694824256084256,0.7631745047658905
15,16.88228947355532,0.0001399999999999905,0.72807047141727,0.8811362778123121,0.7202988788700032,0.21014750130647875,0.4834198048930287,0.7675398075478095
16,16.541738644704417,0.0001399999999999905,0.7349116809401246,0.8843677982252649,0.7312084362259363,0.2086299561523321,0.4953050416039772,0.7745738142078087
17,16.412534205688434,0.0001399999999999905,0.7412753627549156,0.8892888111842043,0.7383151418925913,0.21035179153486333,0.5051294202629182,0.7819937407209944
18,16.063424389005775,0.0001399999999999905,0.7447396045236168,0.8903586734146751,0.7439535422303096,0.21077426139664068,0.5067487527265251,0.787620986603633
19,15.972711818453199,0.0001399999999999905,0.7490865875556629,0.8941776326795874,0.7467690572787309,0.21721573752468287,0.5135864819559826,0.7917294438537749
20,15.678371431250806,0.0001399999999999905,0.7544093290423525,0.8968020906009726,0.7495427687760873,0.21922661843627983,0.5162942464710627,0.7971650861621749
21,15.576593229312227,0.0001399999999999905,0.756261038686835,0.8975371573261454,0.7595393302375355,0.219458649468138,0.5227282788513312,0.7986022319949847
22,13.774229288676294,0.0001399999999999905,0.7602221637703835,0.9003265333722418,0.7630741205780408,0.21982521765857596,0.527122448484578,0.8025309718749837
23,13.459400517952023,0.0001399999999999905,0.7597480935847805,0.9006202459572082,0.7597022113188503,0.23117852991148208,0.5217904978213439,0.8029014774067885
24,13.341207523825743,0.0001399999999999905,0.7621808514574574,0.9005350064390155,0.7635996202044036,0.23378115606202007,0.5305444090339329,0.8046026215235405
25,13.090992385317422,0.0001399999999999905,0.7628396653030688,0.9006104900237261,0.7690361777943785,0.23412610038783097,0.5321289719481689,0.806475666316522
26,12.969025326547419,0.0001399999999999905,0.7635677351187097,0.9004756944108268,0.768250162690717,0.24011776907499874,0.5424284136692906,0.8054747113919751
27,12.866399858180282,0.0001399999999999905,0.7673524355200056,0.9039204867893152,0.7740226505627918,0.24559748098733775,0.5442736211918761,0.8079855308799017
28,12.681846524090048,0.0001399999999999905,0.7717753368089384,0.9029697698695944,0.7851324800820128,0.2626498185798778,0.5530122880286295,0.8118648966822988
29,12.435565025374283,0.0001399999999999905,0.7746181115407532,0.9047783197408575,0.7872924515395958,0.2585527491467963,0.5620424049299917,0.8144960019674407
30,12.472124737595625,0.0001399999999999905,0.7774319204253786,0.9063633276625381,0.7898316253282128,0.27298158913486614,0.554618125806688,0.8180993474163236
31,12.279201995168037,0.0001399999999999905,0.7799907734295284,0.9102020018168727,0.7862932706235216,0.27470755044514267,0.5575669458217485,0.8213472258531108
32,12.115288422405104,0.0001399999999999905,0.7805311965591539,0.910523023116355,0.786734976555958,0.28122526721047536,0.5601038864971186,0.8224583758718922
33,12.152963518767748,0.0001399999999999905,0.7811460464676476,0.9128907066895112,0.779560253286724,0.2734060192399287,0.5649010947772117,0.8218575314142332
34,12.189703654125589,0.0001399999999999905,0.7845941353675572,0.9135083305693575,0.7924189224371148,0.2667912847445908,0.5738628521265294,0.8250174459797266
35,11.79610130320246,0.0001399999999999905,0.7843096532640952,0.9082748211647506,0.7955738562566752,0.2604104805451194,0.5729792204246346,0.8236232159401322
36,10.324444335464936,0.0001399999999999905,0.7836361651641638,0.9093166359211848,0.7914362306457668,0.2710183136812948,0.5761082551976947,0.8233396024095905
37,9.991393055445897,0.0001399999999999905,0.7843660644949009,0.9082732905739248,0.7914521358406333,0.28494665890109383,0.5689614498670554,0.8245226625146067
38,9.606907540810347,0.0001399999999999905,0.7848674949116822,0.9055002414184268,0.7937510309131881,0.2844086470577296,0.5726067863474431,0.8240067105008526
39,9.434532634970404,0.0001399999999999905,0.7854088815235816,0.9045952425942628,0.8043091348693031,0.274617756380161,0.577075368728883,0.824077420473833
40,9.164725432553675,0.0001399999999999905,0.7852165144412888,0.9014830270933035,0.8056422584001155,0.2772616021031453,0.5799221871005462,0.8224632637658893
41,8.831000697933174,0.0001399999999999905,0.7853339248327925,0.902064400853687,0.8050703281723787,0.2724391730758248,0.5799578573823664,0.8229896794360781
42,8.700195948351341,0.0001399999999999905,0.7849513365657419,0.9018061447236049,0.8023764049905816,0.2763434382835866,0.591990069661923,0.8220098017767211
43,8.497033957035109,0.0001399999999999905,0.7810039946176962,0.8950563412853739,0.7993924002019834,0.28283914041881464,0.5889302650377813,0.8186677328449857
44,8.475485057727294,0.0001399999999999905,0.7808819393613772,0.8956458532480595,0.7974510219858075,0.29794605513129896,0.6066046886756228,0.8164405267798808
45,8.254914325364782,0.0001399999999999905,0.7804806505112171,0.8958861081234656,0.7976811121292983,0.3003920990819388,0.6104488305273756,0.8153090873112503
46,8.12195413433873,0.0001399999999999905,0.7826708213151844,0.8977452254038928,0.7999281007696415,0.30274218409062126,0.6106851113265991,0.8182618396712743
47,8.12964109253834,0.0001399999999999905,0.7840806852603757,0.8982556537878233,0.8027980609736793,0.3817175112689891,0.6167564127655965,0.8187628546272671
48,7.841548108052255,0.0001399999999999905,0.7846154030060029,0.9007476455205565,0.798334577999946,0.3428437112441978,0.6180076107919752,0.8200446821173475
49,7.835030451180769,0.0001399999999999905,0.7858377078297245,0.8993608580606816,0.7991549578840064,0.41192493423606485,0.6207809505761472,0.8208659794287099
50,7.657501712040931,0.0001399999999999905,0.7851943144674278,0.9034395103441897,0.8002798188717855,0.4160709959772913,0.6234920837398459,0.8208632702263474
51,7.539374630094643,0.0001399999999999905,0.7874395349659264,0.9041071992241576,0.8041629074290111,0.4185787728998188,0.6333125923636878,0.8230854667939682
52,7.433982529203124,0.0001399999999999905,0.7868804667875395,0.9031329617028225,0.8017033016532746,0.41149497900745463,0.6407398892861192,0.8220166578533016
53,7.299806993061884,0.0001399999999999905,0.7868968956201695,0.9020714630214068,0.8019013701903599,0.4121129271299499,0.6397501076993827,0.8217320225278506
54,7.349807028808239,0.0001399999999999905,0.7868753278225126,0.8990254089721494,0.803609607318728,0.4130481555444232,0.6398537053075055,0.8220210966989508
55,7.240171876757167,0.0001399999999999905,0.7881652837760282,0.8992728724979543,0.8062370571053277,0.4125840381064838,0.6447380245458927,0.8222428925456876
56,7.040852090476053,0.0001399999999999905,0.7875668521089766,0.8974748197583577,0.8075895432786643,0.40689131092790753,0.6481999580445004,0.8214460018633921
57,7.01135123790666,0.0001399999999999905,0.7834676492445244,0.8924233968872074,0.8072990655623453,0.40270829199052555,0.6497219328528058,0.8166166292441255
58,6.8610682084098675,0.0001399999999999905,0.7845515602509411,0.8938985637790728,0.8082013798801957,0.43479707027712383,0.6440412422676829,0.816740151398144
59,6.779436727378551,0.0001399999999999905,0.784155646191065,0.895268315269093,0.8053535129974779,0.4186300535075324,0.65083241632828,0.8154668841697569
60,6.652583521986567,0.0001399999999999905,0.7833457402862011,0.8961580160333261,0.8026915682886407,0.4283329501412064,0.6535028588721842,0.8151879601777446
61,6.629774819892657,0.0001399999999999905,0.7844025449359581,0.900927244438287,0.801930747835834,0.4315945968890728,0.6526607722816185,0.8155902409368431
62,6.564597025072057,0.0001399999999999905,0.7839462153705475,0.8999424659718187,0.801176246069785,0.43097044222403935,0.6520907734366742,0.8151474674655396
63,6.586078740086414,0.0001399999999999905,0.7845207846590442,0.8976721810765269,0.8039788442259304,0.4429881670427049,0.6563268532283107,0.8161712804255206
